[{"QnId":6,
  "Qn":"Which of the following is not a method of Object class ?","Options":["sleep","hashCode","toString","notifyAll"],
  "Answer":"sleep",
  "level":2},


{"QnId":7,"Qn":"Which of the following method is used for marshalling ","Options":["ObjectOutputStream","ObjectInputStream"],"Answer":"ObjectOutputStream","level":2},
{"QnId":4,"Qn":"When Overloading does not occur?","Options":[" More than one method with same name but different method signature and different number or type of parameters","More than one method with same name, same signature but different number of signature","More than one method with same name, same signature, same number of parameters but different type","More than one method with same name, same number of parameters and type but different signature"],"Answer":"More than one method with same name, same number of parameters and type but different signature","level":2}
]
