[{"QnId":1,"Qn":"Which of the following is not OOPS concept in Java?","Options":["Inheritance","Encapsulation","Polymorphism","Compilation"],"Answer":"Compilation","level":1},
{"QnId":2,"Qn":" Which of the following is a type of polymorphism in Java?","Options":["Compile time polymorphism","Execution time polymorphism","Multiple polymorphism","Multilevel polymorphism"],"Answer":"Compile time polymorphism","level":1},
{"QnId":3,"Qn":"When does method overloading is determined?","Options":["At run time","At compile time","At coding time","At execution time"],"Answer":"At compile time","level":1},
{"QnId":5,"Qn":" Which concept of Java is a way of converting real world objects in terms of class?","Options":["Polymorphism","Encapsulation","Inheritance","Abstraction"],"Answer":"Abstraction","level":1},
{"QnId":8,"Qn":"Does Integer wrapper class implement serializable ?","Options":["True","False"],"Answer":"True","level":1},
{"QnId":9,"Qn":"Which of the following is a Spring MVC Controller ?","Options":["Dispatcher Servlet","View Resolver","Handler Mapping","None of the above"],"Answer":"Dispatcher Servlet","level":1},
{"QnId":10,"Qn":"Which type of statement is used for stored procedures   and functions in JDBC ?","Options":["Statement","PreparedStatement","CallableStatement","All of the above"],"Answer":"CallableStatement","level":1}
]
